source_id,target_id,rel_type,year,weight,direction
ORG-0095,ORG-0062,partnership,2021,4,undirected
ORG-0137,ORG-0109,shared_technology,2018,1,undirected
ORG-0003,ORG-0056,partnership,2025,3,undirected
ORG-0150,ORG-0128,invested_in,2021,3,directed
ORG-0174,ORG-0164,invested_in,2021,2,directed
ORG-0183,ORG-0079,partnership,2023,3,undirected
ORG-0175,ORG-0147,invested_in,2024,3,directed
ORG-0078,ORG-0120,partnership,2019,1,undirected
ORG-0031,ORG-0026,invested_in,2017,2,directed
ORG-0111,ORG-0077,invested_in,2022,1,directed
ORG-0118,ORG-0086,partnership,2025,5,undirected
ORG-0098,ORG-0183,invested_in,2025,4,directed
ORG-0174,ORG-0048,invested_in,2022,4,directed
ORG-0128,ORG-0022,shared_technology,2025,3,undirected
ORG-0179,ORG-0147,invested_in,2024,5,directed
ORG-0002,ORG-0162,invested_in,2022,2,directed
ORG-0025,ORG-0016,shared_board_member,2018,2,undirected
ORG-0112,ORG-0084,partnership,2022,3,undirected
ORG-0031,ORG-0062,invested_in,2020,2,directed
ORG-0174,ORG-0079,invested_in,2021,3,directed
ORG-0174,ORG-0087,invested_in,2022,2,directed
ORG-0025,ORG-0099,shared_board_member,2014,5,undirected
ORG-0111,ORG-0186,invested_in,2023,5,directed
ORG-0055,ORG-0188,partnership,2024,2,undirected
ORG-0063,ORG-0191,shared_technology,2025,1,undirected
ORG-0036,ORG-0155,shared_technology,2023,1,undirected
ORG-0166,ORG-0148,shared_board_member,2023,1,undirected
ORG-0181,ORG-0078,supplier_to,2025,2,directed
ORG-0045,ORG-0143,invested_in,2024,2,directed
ORG-0121,ORG-0114,shared_board_member,2024,2,undirected
ORG-0192,ORG-0067,shared_board_member,2025,1,undirected
ORG-0002,ORG-0184,invested_in,2026,3,directed
ORG-0037,ORG-0077,supplier_to,2016,4,directed
ORG-0075,ORG-0147,invested_in,2026,4,directed
ORG-0162,ORG-0067,partnership,2021,1,undirected
ORG-0132,ORG-0113,shared_board_member,2016,3,undirected
ORG-0050,ORG-0157,shared_board_member,2018,2,undirected
ORG-0158,ORG-0160,shared_technology,2021,3,undirected
ORG-0030,ORG-0053,invested_in,2023,2,directed
ORG-0066,ORG-0185,partnership,2022,2,undirected
ORG-0127,ORG-0140,shared_technology,2025,2,undirected
ORG-0002,ORG-0173,invested_in,2021,3,directed
ORG-0111,ORG-0041,invested_in,2023,1,directed
ORG-0114,ORG-0189,invested_in,2019,2,directed
ORG-0063,ORG-0178,partnership,2013,3,undirected
ORG-0155,ORG-0144,partnership,2023,1,undirected
ORG-0174,ORG-0004,invested_in,2025,3,directed
ORG-0174,ORG-0183,invested_in,2026,3,directed
ORG-0174,ORG-0128,invested_in,2022,1,directed
ORG-0174,ORG-0077,invested_in,2019,4,directed
ORG-0080,ORG-0189,invested_in,2024,3,directed
ORG-0155,ORG-0113,shared_technology,2022,3,undirected
ORG-0156,ORG-0003,invested_in,2020,2,directed
ORG-0182,ORG-0022,partnership,2012,2,undirected
ORG-0174,ORG-0187,invested_in,2025,1,directed
ORG-0052,ORG-0170,partnership,2022,2,undirected
ORG-0156,ORG-0115,invested_in,2025,2,directed
ORG-0117,ORG-0029,invested_in,2018,2,directed
ORG-0075,ORG-0027,invested_in,2025,2,directed
ORG-0098,ORG-0079,invested_in,2022,3,directed
ORG-0009,ORG-0038,invested_in,2024,5,directed
ORG-0165,ORG-0141,partnership,2020,3,undirected
ORG-0070,ORG-0192,invested_in,2016,2,directed
ORG-0174,ORG-0014,partnership,2018,4,undirected
ORG-0001,ORG-0094,invested_in,2025,3,directed
ORG-0079,ORG-0074,shared_technology,2024,1,undirected
ORG-0009,ORG-0128,invested_in,2024,3,directed
ORG-0003,ORG-0107,partnership,2023,2,undirected
ORG-0033,ORG-0187,invested_in,2023,2,directed
ORG-0145,ORG-0063,partnership,2018,1,undirected
ORG-0030,ORG-0106,invested_in,2021,3,directed
ORG-0181,ORG-0062,supplier_to,2024,1,directed
ORG-0153,ORG-0092,invested_in,2020,2,directed
ORG-0032,ORG-0183,partnership,2021,3,undirected
ORG-0160,ORG-0113,shared_technology,2014,2,undirected
ORG-0167,ORG-0147,shared_technology,2023,3,undirected
ORG-0188,ORG-0003,partnership,2018,5,undirected
ORG-0162,ORG-0005,partnership,2026,3,undirected
ORG-0174,ORG-0025,partnership,2021,3,undirected
ORG-0116,ORG-0017,invested_in,2022,3,directed
ORG-0112,ORG-0157,partnership,2017,4,undirected
ORG-0079,ORG-0038,shared_technology,2025,1,undirected
ORG-0071,ORG-0036,invested_in,2026,3,directed
ORG-0099,ORG-0132,invested_in,2023,2,directed
ORG-0071,ORG-0025,partnership,2025,2,undirected
ORG-0071,ORG-0121,partnership,2019,3,undirected
ORG-0174,ORG-0003,invested_in,2023,4,directed
ORG-0050,ORG-0037,invested_in,2023,1,directed
ORG-0023,ORG-0055,invested_in,2024,2,directed
ORG-0193,ORG-0183,partnership,2021,1,undirected
ORG-0096,ORG-0080,partnership,2019,1,undirected
ORG-0174,ORG-0094,invested_in,2019,2,directed
ORG-0182,ORG-0054,partnership,2025,3,undirected
ORG-0174,ORG-0052,invested_in,2026,1,directed
ORG-0100,ORG-0104,invested_in,2024,2,directed
ORG-0067,ORG-0006,partnership,2022,3,undirected
ORG-0183,ORG-0128,shared_board_member,2019,3,undirected
ORG-0175,ORG-0162,invested_in,2022,4,directed
ORG-0041,ORG-0128,shared_board_member,2025,4,undirected
ORG-0098,ORG-0076,shared_board_member,2021,2,undirected
ORG-0040,ORG-0066,partnership,2020,3,undirected
ORG-0187,ORG-0132,shared_technology,2026,3,undirected
ORG-0173,ORG-0167,supplier_to,2020,2,directed
ORG-0034,ORG-0107,partnership,2021,3,undirected
ORG-0161,ORG-0027,partnership,2025,1,undirected
ORG-0171,ORG-0063,invested_in,2012,3,directed
ORG-0128,ORG-0064,supplier_to,2019,4,directed
ORG-0148,ORG-0077,invested_in,2017,4,directed
ORG-0186,ORG-0155,shared_technology,2026,2,undirected
ORG-0165,ORG-0017,partnership,2019,3,undirected
ORG-0058,ORG-0093,invested_in,2021,2,directed
ORG-0014,ORG-0128,invested_in,2013,2,directed
ORG-0090,ORG-0037,invested_in,2026,2,directed
ORG-0119,ORG-0132,invested_in,2018,2,directed
ORG-0174,ORG-0068,invested_in,2019,3,directed
ORG-0264,ORG-0024,supplier_to,2023,2,directed
ORG-0174,ORG-0084,invested_in,2024,1,directed
ORG-0062,ORG-0078,shared_technology,2021,4,undirected
ORG-0080,ORG-0142,partnership,2026,1,undirected
ORG-0009,ORG-0041,invested_in,2023,2,directed
ORG-0135,ORG-0026,shared_board_member,2022,2,undirected
ORG-0070,ORG-0039,invested_in,2018,2,directed
ORG-0142,ORG-0148,shared_board_member,2018,3,undirected
ORG-0128,ORG-0180,supplier_to,2023,3,directed
ORG-0033,ORG-0041,invested_in,2026,2,directed
ORG-0114,ORG-0071,shared_board_member,2021,5,undirected
ORG-0174,ORG-0093,invested_in,2023,4,directed
ORG-0069,ORG-0132,invested_in,2026,2,directed
ORG-0162,ORG-0184,shared_board_member,2016,1,undirected
ORG-0096,ORG-0190,invested_in,2021,1,directed
ORG-0016,ORG-0190,invested_in,2017,4,directed
ORG-0080,ORG-0083,invested_in,2024,3,directed
ORG-0055,ORG-0079,supplier_to,2024,2,directed
ORG-0142,ORG-0155,invested_in,2024,2,directed
ORG-0174,ORG-0178,invested_in,2024,3,directed
ORG-0078,ORG-0095,shared_technology,2014,2,undirected
ORG-0060,ORG-0053,partnership,2019,3,undirected
ORG-0060,ORG-0062,partnership,2022,3,undirected
ORG-0063,ORG-0079,partnership,2022,2,undirected
ORG-0166,ORG-0160,invested_in,2018,5,directed
ORG-0166,ORG-0188,invested_in,2017,2,directed
ORG-0062,ORG-0104,partnership,2023,3,undirected
ORG-0183,ORG-0087,partnership,2019,5,undirected
ORG-0125,ORG-0097,invested_in,2020,3,directed
ORG-0231,ORG-0038,partnership,2020,1,undirected
ORG-0150,ORG-0143,invested_in,2024,4,directed
ORG-0039,ORG-0184,shared_technology,2020,3,undirected
ORG-0102,ORG-0027,partnership,2024,3,undirected
ORG-0106,ORG-0133,partnership,2022,4,undirected
ORG-0174,ORG-0092,invested_in,2022,4,directed
ORG-0174,ORG-0112,invested_in,2025,4,directed
ORG-0040,ORG-0185,shared_board_member,2020,3,undirected
ORG-0140,ORG-0187,shared_technology,2025,4,undirected
ORG-0085,ORG-0065,shared_technology,2025,3,undirected
ORG-0030,ORG-0152,invested_in,2022,3,directed
ORG-0092,ORG-0123,partnership,2022,4,undirected
ORG-0127,ORG-0179,partnership,2024,3,undirected
ORG-0024,ORG-0144,invested_in,2023,1,directed
ORG-0174,ORG-0144,invested_in,2021,2,directed
ORG-0034,ORG-0183,partnership,2025,2,undirected
ORG-0096,ORG-0097,invested_in,2023,5,directed
ORG-0141,ORG-0043,shared_board_member,2021,3,undirected
ORG-0045,ORG-0079,invested_in,2026,3,directed
ORG-0146,ORG-0078,invested_in,2018,3,directed
ORG-0083,ORG-0305,supplier_to,2019,4,directed
ORG-0096,ORG-0186,invested_in,2019,3,directed
ORG-0130,ORG-0076,shared_board_member,2019,3,undirected
ORG-0121,ORG-0055,invested_in,2023,2,directed
ORG-0170,ORG-0087,partnership,2021,3,undirected
ORG-0055,ORG-0083,supplier_to,2025,2,directed
ORG-0062,ORG-0053,shared_technology,2021,3,undirected
ORG-0063,ORG-0190,shared_technology,2023,4,undirected
ORG-0136,ORG-0037,invested_in,2023,2,directed
ORG-0013,ORG-0055,partnership,2026,1,undirected
ORG-0001,ORG-0063,invested_in,2024,3,directed
ORG-0117,ORG-0003,invested_in,2022,2,directed
ORG-0016,ORG-0048,invested_in,2026,3,directed
ORG-0021,ORG-0065,shared_board_member,2024,2,undirected
ORG-0075,ORG-0132,invested_in,2025,2,directed
ORG-0248,ORG-0022,partnership,2023,1,undirected
ORG-0137,ORG-0051,spun_out_of,2017,4,directed
ORG-0020,ORG-0084,invested_in,2018,2,directed
ORG-0177,ORG-0062,invested_in,2023,2,directed
ORG-0174,ORG-0081,invested_in,2022,3,directed
ORG-0166,ORG-0043,invested_in,2021,3,directed
ORG-0199,ORG-0117,partnership,2019,3,undirected
ORG-0048,ORG-0084,partnership,2025,2,undirected
ORG-0062,ORG-0106,partnership,2023,2,undirected
ORG-0102,ORG-0189,partnership,2022,1,undirected
ORG-0140,ORG-0167,supplier_to,2021,2,directed
ORG-0037,ORG-0155,shared_technology,2026,4,undirected
ORG-0063,ORG-0128,shared_board_member,2019,5,undirected
ORG-0014,ORG-0067,invested_in,2019,2,directed
ORG-0090,ORG-0176,invested_in,2019,1,directed
ORG-0023,ORG-0092,partnership,2026,4,undirected
ORG-0014,ORG-0097,invested_in,2019,2,directed
ORG-0158,ORG-0184,partnership,2020,1,undirected
ORG-0067,ORG-0160,supplier_to,2021,3,directed
ORG-0111,ORG-0139,invested_in,2026,1,directed
ORG-0034,ORG-0178,partnership,2018,4,undirected
ORG-0077,ORG-0077,partnership,2024,2,undirected
ORG-0025,ORG-0094,invested_in,2019,3,directed
ORG-0099,ORG-0096,shared_board_member,2019,2,undirected
ORG-0184,ORG-0186,shared_technology,2024,4,undirected
ORG-0188,ORG-0017,partnership,2019,3,undirected
ORG-0008,ORG-0083,invested_in,2025,2,directed
ORG-0119,ORG-0184,invested_in,2020,1,directed
ORG-0159,ORG-0092,invested_in,2022,3,directed
ORG-0079,ORG-0187,shared_technology,2025,2,undirected
ORG-0105,ORG-0125,partnership,2024,1,undirected
ORG-0080,ORG-0176,invested_in,2020,4,directed
ORG-0023,ORG-0052,invested_in,2021,2,directed
ORG-0187,ORG-0022,shared_technology,2025,4,undirected
ORG-0014,ORG-0080,partnership,2020,1,undirected
ORG-0181,ORG-0152,partnership,2020,5,undirected
ORG-0077,ORG-0158,shared_technology,2014,2,undirected
ORG-0067,ORG-0112,shared_technology,2022,2,undirected
ORG-0085,ORG-0066,partnership,2017,2,undirected
ORG-0098,ORG-0109,invested_in,2017,2,directed
ORG-0184,ORG-0004,partnership,2019,5,undirected
ORG-0117,ORG-0041,invested_in,2026,2,directed
ORG-0056,ORG-0178,partnership,2025,1,undirected
ORG-0093,ORG-0054,shared_technology,2026,3,undirected
ORG-0136,ORG-0017,invested_in,2024,2,directed
ORG-0070,ORG-0004,invested_in,2020,2,directed
ORG-0110,ORG-0143,shared_technology,2025,2,undirected
ORG-0166,ORG-0128,invested_in,2017,3,directed
ORG-0121,ORG-0142,shared_board_member,2026,2,undirected
ORG-0002,ORG-0179,invested_in,2010,2,directed
ORG-0015,ORG-0155,invested_in,2021,2,directed
ORG-0146,ORG-0042,invested_in,2018,1,directed
ORG-0045,ORG-0170,invested_in,2023,5,directed
ORG-0075,ORG-0113,invested_in,2021,2,directed
ORG-0156,ORG-0079,invested_in,2023,2,directed
ORG-0023,ORG-0043,invested_in,2023,3,directed
ORG-0174,ORG-0190,invested_in,2020,4,directed
ORG-0038,ORG-0139,shared_technology,2026,2,undirected
ORG-0100,ORG-0072,invested_in,2015,2,directed
ORG-0148,ORG-0190,invested_in,2018,2,directed
ORG-0053,ORG-0072,supplier_to,2020,3,directed
ORG-0023,ORG-0048,invested_in,2021,3,directed
ORG-0071,ORG-0109,invested_in,2013,2,directed
ORG-0125,ORG-0071,shared_board_member,2026,1,undirected
ORG-0162,ORG-0155,supplier_to,2017,2,directed
ORG-0028,ORG-0022,supplier_to,2021,3,directed
ORG-0100,ORG-0078,invested_in,2024,4,directed
ORG-0002,ORG-0139,invested_in,2026,2,directed
ORG-0100,ORG-0042,invested_in,2019,4,directed
ORG-0174,ORG-0064,invested_in,2020,3,directed
ORG-0146,ORG-0133,invested_in,2019,3,directed
ORG-0119,ORG-0112,invested_in,2013,4,directed
ORG-0090,ORG-0184,invested_in,2025,2,directed
ORG-0134,ORG-0095,supplier_to,2022,3,directed
ORG-0136,ORG-0154,invested_in,2018,2,directed
ORG-0151,ORG-0180,partnership,2026,4,undirected
ORG-0156,ORG-0092,invested_in,2021,2,directed
ORG-0183,ORG-0170,shared_technology,2022,2,undirected
ORG-0140,ORG-0155,supplier_to,2024,3,directed
ORG-0044,ORG-0115,invested_in,2018,3,directed
ORG-0054,ORG-0155,partnership,2022,4,undirected
ORG-0036,ORG-0157,shared_board_member,2022,4,undirected
ORG-0087,ORG-0064,shared_board_member,2017,1,undirected
ORG-0090,ORG-0004,invested_in,2020,2,directed
ORG-0183,ORG-0115,shared_technology,2019,4,undirected
ORG-0174,ORG-0130,invested_in,2022,3,directed
ORG-0053,ORG-0042,shared_technology,2025,4,undirected
ORG-0077,ORG-0112,shared_board_member,2014,3,undirected
ORG-0178,ORG-0191,shared_technology,2022,3,undirected
ORG-0050,ORG-0084,invested_in,2024,1,directed
ORG-0159,ORG-0115,invested_in,2016,5,directed
ORG-0122,ORG-0134,partnership,2022,3,undirected
ORG-0032,ORG-0029,partnership,2025,3,undirected
ORG-0156,ORG-0123,invested_in,2022,5,directed
ORG-0033,ORG-0037,invested_in,2023,2,directed
ORG-0183,ORG-0073,partnership,2026,4,undirected
ORG-0171,ORG-0183,invested_in,2021,5,directed
ORG-0030,ORG-0062,shared_board_member,2015,2,undirected
ORG-0114,ORG-0132,invested_in,2023,3,directed
ORG-0166,ORG-0056,invested_in,2024,1,directed
ORG-0135,ORG-0042,invested_in,2020,5,directed
ORG-0027,ORG-0167,shared_board_member,2022,5,undirected
ORG-0067,ORG-0187,partnership,2025,4,undirected
ORG-0154,ORG-0043,shared_technology,2025,2,undirected
ORG-0086,ORG-0155,partnership,2023,5,undirected
ORG-0143,ORG-0170,supplier_to,2022,3,directed
ORG-0029,ORG-0048,partnership,2020,3,undirected
ORG-0078,ORG-0060,shared_technology,2021,1,undirected
ORG-0054,ORG-0147,shared_board_member,2022,3,undirected
ORG-0072,ORG-0172,spun_out_of,2009,4,directed
ORG-0147,ORG-0027,partnership,2023,3,undirected
ORG-0062,ORG-0049,supplier_to,2023,3,directed
ORG-0152,ORG-0134,shared_technology,2023,5,undirected
ORG-0147,ORG-0184,partnership,2025,5,undirected
ORG-0020,ORG-0077,invested_in,2017,4,directed
ORG-0159,ORG-0128,invested_in,2024,4,directed
ORG-0124,ORG-0040,supplier_to,2025,3,directed
ORG-0153,ORG-0222,invested_in,2019,1,directed
ORG-0099,ORG-0037,invested_in,2018,2,directed
ORG-0003,ORG-0074,shared_technology,2021,2,undirected
ORG-0168,ORG-0055,partnership,2025,2,undirected
ORG-0090,ORG-0093,invested_in,2021,3,directed
ORG-0188,ORG-0164,shared_board_member,2020,2,undirected
ORG-0174,ORG-0038,invested_in,2025,3,directed
ORG-0025,ORG-0112,invested_in,2021,3,directed
ORG-0078,ORG-0078,shared_technology,2024,2,undirected
ORG-0036,ORG-0217,invested_in,2020,1,directed
ORG-0170,ORG-0079,shared_technology,2020,3,undirected
ORG-0015,ORG-0077,invested_in,2020,5,directed
ORG-0114,ORG-0099,partnership,2013,2,undirected
ORG-0145,ORG-0076,partnership,2025,4,undirected
ORG-0101,ORG-0081,partnership,2024,4,undirected
ORG-0064,ORG-0035,partnership,2023,2,undirected
ORG-0070,ORG-0093,invested_in,2020,2,directed
ORG-0170,ORG-0123,shared_technology,2024,4,undirected
ORG-0134,ORG-0091,shared_board_member,2022,3,undirected
ORG-0062,ORG-0042,partnership,2021,2,undirected
ORG-0124,ORG-0184,partnership,2025,2,undirected
ORG-0148,ORG-0035,invested_in,2021,4,directed
ORG-0110,ORG-0062,partnership,2024,3,undirected
ORG-0041,ORG-0079,partnership,2023,2,undirected
ORG-0174,ORG-0126,invested_in,2020,4,directed
ORG-0116,ORG-0056,invested_in,2019,2,directed
ORG-0094,ORG-0109,shared_technology,2022,5,undirected
ORG-0112,ORG-0113,partnership,2025,2,undirected
ORG-0009,ORG-0063,invested_in,2012,3,directed
ORG-0174,ORG-0113,invested_in,2020,3,directed
ORG-0125,ORG-0160,invested_in,2022,1,directed
ORG-0174,ORG-0096,partnership,2026,2,undirected
ORG-0048,ORG-0123,partnership,2023,4,undirected
ORG-0105,ORG-0192,invested_in,2014,2,directed
ORG-0174,ORG-0111,partnership,2019,3,undirected
ORG-0181,ORG-0072,shared_technology,2025,1,undirected
ORG-0142,ORG-0175,shared_board_member,2017,5,undirected
ORG-0034,ORG-0079,partnership,2023,3,undirected
ORG-0157,ORG-0112,partnership,2017,4,undirected
ORG-0177,ORG-0133,invested_in,2020,3,directed
ORG-0037,ORG-0139,partnership,2026,4,undirected
ORG-0182,ORG-0101,partnership,2018,2,undirected
ORG-0025,ORG-0140,invested_in,2023,2,directed
ORG-0058,ORG-0173,invested_in,2019,3,directed
ORG-0026,ORG-0072,partnership,2022,3,undirected
ORG-0102,ORG-0186,partnership,2021,3,undirected
ORG-0139,ORG-0155,supplier_to,2026,2,directed
ORG-0096,ORG-0107,invested_in,2023,1,directed
ORG-0018,ORG-0185,partnership,2024,2,undirected
ORG-0112,ORG-0155,shared_board_member,2021,5,undirected
ORG-0017,ORG-0191,supplier_to,2019,2,directed
ORG-0023,ORG-0079,invested_in,2021,3,directed
ORG-0031,ORG-0181,invested_in,2025,2,directed
ORG-0118,ORG-0112,partnership,2025,2,undirected
ORG-0109,ORG-0107,shared_technology,2025,5,undirected
ORG-0187,ORG-0179,partnership,2024,5,undirected
ORG-0156,ORG-0017,invested_in,2024,2,directed
ORG-0125,ORG-0184,invested_in,2025,2,directed
ORG-0164,ORG-0073,partnership,2024,2,undirected
ORG-0116,ORG-0132,invested_in,2022,2,directed
ORG-0023,ORG-0130,invested_in,2023,3,directed
ORG-0117,ORG-0013,invested_in,2025,2,directed
ORG-0090,ORG-0155,invested_in,2019,2,directed
ORG-0098,ORG-0170,invested_in,2026,5,directed
ORG-0066,ORG-0021,supplier_to,2017,4,directed
ORG-0027,ORG-0182,spun_out_of,2020,4,directed
ORG-0025,ORG-0154,invested_in,2021,3,directed
ORG-0166,ORG-0096,shared_board_member,2022,2,undirected
ORG-0005,ORG-0184,shared_technology,2024,4,undirected
ORG-0078,ORG-0072,shared_technology,2019,1,undirected
ORG-0091,ORG-0078,shared_technology,2026,3,undirected
ORG-0174,ORG-0123,invested_in,2026,4,directed
ORG-0177,ORG-0134,invested_in,2024,3,directed
ORG-0149,ORG-0167,partnership,2020,1,undirected
ORG-0135,ORG-0134,invested_in,2024,4,directed
ORG-0099,ORG-0139,invested_in,2026,2,directed
ORG-0156,ORG-0048,invested_in,2022,3,directed
ORG-0105,ORG-0097,invested_in,2021,3,directed
ORG-0159,ORG-0083,invested_in,2019,2,directed
ORG-0187,ORG-0054,shared_technology,2026,2,undirected
ORG-0148,ORG-0033,partnership,2023,4,undirected
ORG-0023,ORG-0141,invested_in,2022,3,directed
ORG-0024,ORG-0092,invested_in,2026,4,directed
ORG-0101,ORG-0157,partnership,2022,3,undirected
ORG-0112,ORG-0187,supplier_to,2018,3,directed
ORG-0078,ORG-0049,partnership,2024,2,undirected
ORG-0147,ORG-0189,partnership,2021,4,undirected
ORG-0174,ORG-0139,invested_in,2026,2,directed
ORG-0056,ORG-0110,supplier_to,2025,2,directed
ORG-0117,ORG-0056,invested_in,2019,2,directed
ORG-0075,ORG-0184,invested_in,2019,3,directed
ORG-0118,ORG-0027,partnership,2021,3,undirected
ORG-0118,ORG-0006,partnership,2024,2,undirected
ORG-0193,ORG-0076,partnership,2020,3,undirected
ORG-0136,ORG-0056,invested_in,2022,4,directed
ORG-0106,ORG-0062,partnership,2023,2,undirected
ORG-0136,ORG-0107,invested_in,2018,2,directed
ORG-0174,ORG-0076,invested_in,2024,3,directed
ORG-0107,ORG-0079,partnership,2019,4,undirected
ORG-0037,ORG-0112,partnership,2013,3,undirected
ORG-0148,ORG-0154,invested_in,2023,2,directed
ORG-0121,ORG-0029,invested_in,2019,2,directed
ORG-0046,ORG-0086,shared_technology,2023,4,undirected
ORG-0120,ORG-0062,shared_board_member,2015,3,undirected
ORG-0041,ORG-0170,shared_technology,2025,2,undirected
ORG-0039,ORG-0126,partnership,2019,3,undirected
ORG-0074,ORG-0139,shared_technology,2026,3,undirected
ORG-0106,ORG-0152,shared_board_member,2020,2,undirected
ORG-0175,ORG-0188,invested_in,2024,5,directed
ORG-0106,ORG-0078,shared_board_member,2020,4,undirected
ORG-0114,ORG-0077,invested_in,2015,1,directed
ORG-0096,ORG-0025,partnership,2021,3,undirected
ORG-0091,ORG-0104,partnership,2024,2,undirected
ORG-0111,ORG-0093,invested_in,2024,2,directed
ORG-0113,ORG-0037,shared_technology,2025,4,undirected
ORG-0154,ORG-0103,partnership,2017,3,undirected
ORG-0080,ORG-0004,invested_in,2026,1,directed
ORG-0010,ORG-0084,invested_in,2025,3,directed
ORG-0088,ORG-0078,shared_board_member,2013,2,undirected
ORG-0066,ORG-0065,partnership,2024,2,undirected
ORG-0023,ORG-0092,invested_in,2024,2,directed
ORG-0010,ORG-0140,invested_in,2024,2,directed
ORG-0156,ORG-0052,invested_in,2022,2,directed
ORG-0134,ORG-0072,partnership,2023,3,undirected
ORG-0147,ORG-0155,partnership,2026,3,undirected
ORG-0127,ORG-0095,partnership,2023,3,undirected
ORG-0063,ORG-0115,partnership,2020,3,undirected
ORG-0119,ORG-0027,shared_board_member,2026,4,undirected
ORG-0041,ORG-0063,partnership,2020,1,undirected
ORG-0025,ORG-0033,shared_board_member,2022,2,undirected
ORG-0152,ORG-0104,supplier_to,2022,1,directed
ORG-0090,ORG-0027,invested_in,2026,2,directed
ORG-0063,ORG-0128,supplier_to,2024,1,directed
ORG-0067,ORG-0186,partnership,2025,2,undirected
ORG-0148,ORG-0175,shared_board_member,2018,2,undirected
ORG-0092,ORG-0168,spun_out_of,2020,4,directed
ORG-0027,ORG-0112,partnership,2023,3,undirected
ORG-0070,ORG-0157,invested_in,2015,4,directed
ORG-0058,ORG-0121,partnership,2020,1,undirected
ORG-0089,ORG-0040,invested_in,2021,2,directed
ORG-0033,ORG-0109,invested_in,2025,3,directed
ORG-0001,ORG-0092,invested_in,2023,3,directed
ORG-0157,ORG-0046,supplier_to,2018,1,directed
ORG-0018,ORG-0040,partnership,2019,3,undirected
ORG-0189,ORG-0037,shared_technology,2019,1,undirected
ORG-0111,ORG-0142,partnership,2020,4,undirected
ORG-0183,ORG-0183,partnership,2024,2,undirected
ORG-0151,ORG-0143,partnership,2026,2,undirected
ORG-0050,ORG-0147,invested_in,2024,2,directed
ORG-0142,ORG-0038,invested_in,2023,1,directed
ORG-0121,ORG-0004,invested_in,2022,3,directed
ORG-0174,ORG-0041,invested_in,2025,2,directed
ORG-0102,ORG-0176,partnership,2023,3,undirected
ORG-0123,ORG-0077,shared_technology,2023,3,undirected
ORG-0168,ORG-0003,partnership,2025,2,undirected
ORG-0166,ORG-0154,invested_in,2026,5,directed
ORG-0109,ORG-0170,supplier_to,2019,2,directed
ORG-0099,ORG-0148,shared_board_member,2014,2,undirected
ORG-0015,ORG-0158,invested_in,2014,2,directed
ORG-0114,ORG-0166,shared_board_member,2013,3,undirected
ORG-0174,ORG-0142,partnership,2019,2,undirected
ORG-0123,ORG-0164,partnership,2026,2,undirected
ORG-0025,ORG-0155,invested_in,2025,5,directed
ORG-0158,ORG-0037,shared_technology,2018,2,undirected
ORG-0049,ORG-0072,partnership,2025,1,undirected
ORG-0089,ORG-0085,invested_in,2021,4,directed
ORG-0139,ORG-0103,shared_technology,2026,3,undirected
ORG-0152,ORG-0072,partnership,2023,5,undirected
ORG-0111,ORG-0014,shared_board_member,2023,1,undirected
ORG-0147,ORG-0113,partnership,2021,2,undirected
ORG-0059,ORG-0065,invested_in,2024,2,directed
ORG-0069,ORG-0128,invested_in,2022,3,directed
ORG-0114,ORG-0046,invested_in,2025,2,directed
ORG-0030,ORG-0134,invested_in,2020,2,directed
ORG-0050,ORG-0028,invested_in,2020,2,directed
ORG-0065,ORG-0040,shared_technology,2025,2,undirected
ORG-0058,ORG-0123,invested_in,2025,2,directed
ORG-0107,ORG-0063,shared_board_member,2024,3,undirected
ORG-0033,ORG-0067,invested_in,2021,3,directed
ORG-0174,ORG-0173,invested_in,2023,2,directed
ORG-0156,ORG-0087,invested_in,2024,2,directed
ORG-0003,ORG-0128,partnership,2022,5,undirected
ORG-0099,ORG-0125,partnership,2019,4,undirected
ORG-0069,ORG-0017,invested_in,2024,5,directed
ORG-0121,ORG-0160,invested_in,2019,2,directed
ORG-0156,ORG-0073,invested_in,2021,2,directed
ORG-0141,ORG-0187,shared_technology,2019,4,undirected
ORG-0128,ORG-0154,partnership,2017,4,undirected
ORG-0179,ORG-0147,partnership,2026,2,undirected
ORG-0058,ORG-0096,shared_board_member,2021,3,undirected
ORG-0133,ORG-0026,shared_board_member,2025,2,undirected
ORG-0166,ORG-0071,shared_board_member,2023,3,undirected
ORG-0003,ORG-0038,partnership,2021,3,undirected
ORG-0121,ORG-0025,partnership,2017,3,undirected
ORG-0070,ORG-0005,invested_in,2022,4,directed
ORG-0126,ORG-0147,supplier_to,2025,2,directed
ORG-0070,ORG-0046,invested_in,2026,3,directed
ORG-0174,ORG-0147,invested_in,2024,1,directed
ORG-0069,ORG-0190,invested_in,2026,3,directed
ORG-0153,ORG-0115,shared_board_member,2020,1,undirected
ORG-0122,ORG-0072,supplier_to,2023,3,directed
ORG-0014,ORG-0105,partnership,2017,3,undirected
ORG-0025,ORG-0003,invested_in,2026,2,directed
ORG-0068,ORG-0112,partnership,2026,2,undirected
ORG-0008,ORG-0170,invested_in,2025,4,directed
ORG-0118,ORG-0081,partnership,2023,2,undirected
ORG-0075,ORG-0028,shared_board_member,2021,2,undirected
ORG-0024,ORG-0006,invested_in,2021,3,directed
ORG-0174,ORG-0055,invested_in,2024,2,directed
ORG-0174,ORG-0037,invested_in,2025,4,directed
ORG-0175,ORG-0178,invested_in,2014,5,directed
ORG-0056,ORG-0109,partnership,2024,3,undirected
ORG-0181,ORG-0104,shared_board_member,2021,3,undirected
ORG-0063,ORG-0183,partnership,2020,4,undirected
ORG-0135,ORG-0078,invested_in,2024,4,directed
ORG-0048,ORG-0055,partnership,2023,2,undirected
ORG-0166,ORG-0150,partnership,2020,1,undirected
ORG-0126,ORG-0157,supplier_to,2022,1,directed
ORG-0125,ORG-0148,shared_board_member,2023,2,undirected
ORG-0170,ORG-0190,partnership,2020,2,undirected
ORG-0162,ORG-0112,partnership,2018,3,undirected
ORG-0168,ORG-0183,partnership,2019,4,undirected
ORG-0118,ORG-0068,partnership,2019,1,undirected
ORG-0015,ORG-0184,invested_in,2025,1,directed
ORG-0111,ORG-0189,invested_in,2021,2,directed
ORG-0144,ORG-0004,shared_technology,2023,5,undirected
ORG-0136,ORG-0183,invested_in,2023,2,directed
ORG-0063,ORG-0035,shared_technology,2024,3,undirected
ORG-0000,ORG-0023,invested_in,2025,2,directed
ORG-0079,ORG-0123,partnership,2024,1,undirected
ORG-0174,ORG-0109,invested_in,2020,1,directed
ORG-0183,ORG-0013,shared_technology,2021,2,undirected
ORG-0175,ORG-0121,partnership,2021,3,undirected
ORG-0067,ORG-0037,shared_technology,2023,1,undirected
ORG-0174,ORG-0079,partnership,2024,1,undirected
ORG-0114,ORG-0158,invested_in,2019,2,directed
ORG-0164,ORG-0128,shared_board_member,2022,2,undirected
ORG-0044,ORG-0048,invested_in,2021,2,directed
ORG-0054,ORG-0179,shared_board_member,2024,1,undirected
ORG-0121,ORG-0125,shared_board_member,2025,3,undirected
ORG-0058,ORG-0025,partnership,2012,1,undirected
ORG-0099,ORG-0166,partnership,2012,3,undirected
ORG-0033,ORG-0058,shared_board_member,2021,2,undirected
ORG-0156,ORG-0038,invested_in,2025,2,directed
ORG-0183,ORG-0029,supplier_to,2021,2,directed
ORG-0174,ORG-0029,invested_in,2024,2,directed
ORG-0105,ORG-0147,invested_in,2024,2,directed
ORG-0174,ORG-0189,invested_in,2018,3,directed
ORG-0184,ORG-0167,partnership,2026,5,undirected
ORG-0003,ORG-0063,supplier_to,2024,4,directed
ORG-0118,ORG-0037,partnership,2026,1,undirected
ORG-0034,ORG-0130,partnership,2020,3,undirected
ORG-0002,ORG-0093,invested_in,2023,2,directed
ORG-0156,ORG-0183,invested_in,2021,2,directed
ORG-0075,ORG-0006,invested_in,2019,2,directed
ORG-0136,ORG-0191,invested_in,2026,1,directed
ORG-0105,ORG-0189,invested_in,2020,3,directed
ORG-0170,ORG-0051,spun_out_of,2017,4,directed
ORG-0023,ORG-0083,invested_in,2022,3,directed
ORG-0174,ORG-0073,invested_in,2022,1,directed
ORG-0015,ORG-0139,invested_in,2026,4,directed
ORG-0174,ORG-0058,partnership,2018,5,undirected
ORG-0070,ORG-0173,invested_in,2018,3,directed
ORG-0064,ORG-0083,shared_technology,2019,2,undirected
ORG-0091,ORG-0133,shared_board_member,2024,2,undirected
ORG-0003,ORG-0170,partnership,2022,2,undirected
ORG-0044,ORG-0052,invested_in,2021,2,directed
ORG-0045,ORG-0073,invested_in,2023,2,directed
ORG-0045,ORG-0092,invested_in,2022,3,directed
ORG-0100,ORG-0088,invested_in,2020,4,directed
ORG-0121,ORG-0111,shared_board_member,2025,2,undirected
ORG-0156,ORG-0074,invested_in,2025,2,directed
ORG-0088,ORG-0122,partnership,2026,3,undirected
ORG-0060,ORG-0078,partnership,2021,4,undirected
ORG-0174,ORG-0017,invested_in,2025,1,directed
ORG-0133,ORG-0078,shared_technology,2019,5,undirected
ORG-0174,ORG-0105,partnership,2024,2,undirected
ORG-0117,ORG-0063,invested_in,2025,2,directed
ORG-0016,ORG-0038,invested_in,2025,1,directed
ORG-0183,ORG-0003,partnership,2025,4,undirected
ORG-0155,ORG-0192,partnership,2024,3,undirected
ORG-0084,ORG-0046,partnership,2020,4,undirected
ORG-0099,ORG-0083,invested_in,2021,3,directed
ORG-0030,ORG-0091,invested_in,2019,3,directed
ORG-0044,ORG-0092,invested_in,2025,2,directed
ORG-0171,ORG-0041,invested_in,2023,3,directed
ORG-0050,ORG-0112,invested_in,2025,2,directed
ORG-0112,ORG-0067,partnership,2021,1,undirected
ORG-0017,ORG-0128,shared_board_member,2024,4,undirected
ORG-0099,ORG-0058,partnership,2023,4,undirected
ORG-0070,ORG-0113,invested_in,2026,2,directed
ORG-0137,ORG-0128,shared_technology,2022,4,undirected
ORG-0009,ORG-0013,invested_in,2024,5,directed
ORG-0006,ORG-0161,spun_out_of,2018,4,directed
ORG-0151,ORG-0123,partnership,2024,1,undirected
ORG-0058,ORG-0188,invested_in,2021,4,directed
ORG-0170,ORG-0188,supplier_to,2019,3,directed
ORG-0094,ORG-0079,shared_technology,2021,2,undirected
ORG-0152,ORG-0062,partnership,2026,3,undirected
ORG-0005,ORG-0132,shared_board_member,2024,1,undirected
ORG-0146,ORG-0062,shared_board_member,2022,5,undirected
ORG-0144,ORG-0036,shared_technology,2025,1,undirected
ORG-0142,ORG-0036,invested_in,2026,3,directed
ORG-0062,ORG-0072,supplier_to,2015,1,directed
ORG-0003,ORG-0048,partnership,2022,2,undirected
ORG-0050,ORG-0103,invested_in,2024,3,directed
ORG-0125,ORG-0126,invested_in,2026,3,directed
ORG-0104,ORG-0072,supplier_to,2018,2,directed
ORG-0164,ORG-0123,partnership,2026,2,undirected
ORG-0087,ORG-0076,partnership,2024,3,undirected
ORG-0142,ORG-0187,invested_in,2018,3,directed
ORG-0174,ORG-0125,partnership,2021,3,undirected
ORG-0031,ORG-0106,invested_in,2025,5,directed
ORG-0078,ORG-0042,supplier_to,2017,3,directed
ORG-0068,ORG-0158,partnership,2019,3,undirected
ORG-0009,ORG-0079,invested_in,2019,2,directed
ORG-0157,ORG-0101,partnership,2022,3,undirected
ORG-0073,ORG-0154,partnership,2025,2,undirected
ORG-0174,ORG-0027,invested_in,2022,2,directed
ORG-0148,ORG-0080,partnership,2016,1,undirected
ORG-0090,ORG-0167,invested_in,2024,5,directed
ORG-0136,ORG-0003,invested_in,2024,1,directed
ORG-0097,ORG-0160,partnership,2026,3,undirected
ORG-0018,ORG-0065,partnership,2023,4,undirected
ORG-0174,ORG-0154,invested_in,2021,2,directed
ORG-0112,ORG-0147,partnership,2022,3,undirected
ORG-0062,ORG-0088,supplier_to,2017,4,directed
ORG-0140,ORG-0139,supplier_to,2026,3,directed
ORG-0120,ORG-0072,shared_board_member,2021,4,undirected
ORG-0190,ORG-0051,spun_out_of,2017,4,directed
ORG-0144,ORG-0158,partnership,2020,2,undirected
ORG-0089,ORG-0065,invested_in,2024,3,directed
ORG-0008,ORG-0052,invested_in,2025,2,directed
ORG-0111,ORG-0175,shared_board_member,2022,4,undirected
ORG-0162,ORG-0036,supplier_to,2026,1,directed
ORG-0174,ORG-0143,invested_in,2025,4,directed
ORG-0153,ORG-0052,invested_in,2020,2,directed
ORG-0059,ORG-0066,invested_in,2020,2,directed
ORG-0081,ORG-0182,spun_out_of,2015,4,directed
ORG-0058,ORG-0105,partnership,2021,5,undirected
ORG-0174,ORG-0157,invested_in,2019,1,directed
ORG-0050,ORG-0039,invested_in,2020,3,directed
ORG-0112,ORG-0101,shared_technology,2024,5,undirected
ORG-0287,ORG-0054,invested_in,2023,4,directed
ORG-0079,ORG-0168,spun_out_of,2019,4,directed
ORG-0150,ORG-0173,invested_in,2020,3,directed
ORG-0071,ORG-0041,invested_in,2020,1,directed
ORG-0024,ORG-0147,invested_in,2025,4,directed
ORG-0057,ORG-0152,partnership,2023,4,undirected
ORG-0033,ORG-0014,shared_board_member,2022,3,undirected
ORG-0188,ORG-0055,partnership,2024,2,undirected
ORG-0081,ORG-0173,partnership,2020,3,undirected
ORG-0069,ORG-0083,invested_in,2023,2,directed
ORG-0030,ORG-0181,invested_in,2021,2,directed
ORG-0014,ORG-0140,invested_in,2025,2,directed
ORG-0070,ORG-0126,invested_in,2015,1,directed
ORG-0186,ORG-0103,acquired,2026,5,directed
ORG-0174,ORG-0107,invested_in,2021,3,directed
ORG-0046,ORG-0113,supplier_to,2019,2,directed
ORG-0072,ORG-0091,partnership,2022,4,undirected
ORG-0067,ORG-0046,partnership,2026,2,undirected
ORG-0014,ORG-0121,partnership,2024,2,undirected
ORG-0071,ORG-0147,invested_in,2023,2,directed
ORG-0015,ORG-0037,invested_in,2020,3,directed
ORG-0038,ORG-0193,spun_out_of,2020,4,directed
ORG-0070,ORG-0187,invested_in,2019,1,directed
ORG-0073,ORG-0063,shared_technology,2025,2,undirected
ORG-0087,ORG-0079,shared_technology,2024,3,undirected
ORG-0118,ORG-0101,partnership,2025,1,undirected
ORG-0024,ORG-0081,invested_in,2021,1,directed
ORG-0020,ORG-0027,shared_board_member,2025,2,undirected
ORG-0059,ORG-0085,invested_in,2015,4,directed
ORG-0174,ORG-0056,invested_in,2022,4,directed
ORG-0014,ORG-0166,partnership,2012,1,undirected
ORG-0027,ORG-0113,shared_technology,2020,1,undirected
